#NAME,BarcodeSequence,Barcode_location,Chikpea_24,Chikpea_0,Group,Manager,Treatment,Incubation,Gender,Subject,DNA_Plate,SampleType,Platform,TargetGene,TargetSubfragment,Run
Sub002.H04,GACTCTGCTCAG,1_H04,O,X,24h_Control,Control,Control_24h,24h,M,2,1,Stool,Illumina,16S_rRNA,V4,22
Sub003.H04,AGGGTGACTTTA,3_H04,O,X,24h_Control,Control,Control_24h,24h,F,3,2,Stool,Illumina,16S_rRNA,V4,22
Sub004.H10,CGGAGAGACATG,3_H10,O,X,24h_Control,Control,Control_24h,24h,M,4,2,Stool,Illumina,16S_rRNA,V4,22
Sub005.H10,CGCACCCATACA,1_H10,O,X,24h_Control,Control,Control_24h,24h,M,5,1,Stool,Illumina,16S_rRNA,V4,22
Sub007.H04,ACTGCCCGATAC,4_H04,O,X,24h_Control,Control,Control_24h,24h,M,7,3,Stool,Illumina,16S_rRNA,V4,22
Sub008.H10,TATGTGCCGGCT,4_H10,O,X,24h_Control,Control,Control_24h,24h,M,8,3,Stool,Illumina,16S_rRNA,V4,22
R23_Sub002.G01,GGTGAGCAAGCA,1_G01,O,X,Chikpea_ND,KJW,Enzyme,24h,M,2,1,Stool,Illumina,16S_rRNA,V4,23
R23_Sub003.G01_RE,CTACAGGGTCTC,2_A01,O,X,Chikpea_ND,KJW,Enzyme,24h,F,3,6,Stool,Illumina,16S_rRNA,V4,23
R23_Sub004.G07,CGAATACTGACA,3_G07,O,X,Chikpea_ND,KJW,Enzyme,24h,M,4,2,Stool,Illumina,16S_rRNA,V4,23
R23_Sub005.G07,GGTTCATGAACA,1_G07,O,X,Chikpea_ND,KJW,Enzyme,24h,M,5,1,Stool,Illumina,16S_rRNA,V4,23
R23_Sub007.G01,TACTGTACTGTT,4_G01,O,X,Chikpea_ND,KJW,Enzyme,24h,M,7,3,Stool,Illumina,16S_rRNA,V4,23
R23_Sub008.G07,CGGCCTAAGTTC,4_G07,O,X,Chikpea_ND,KJW,Enzyme,24h,M,8,3,Stool,Illumina,16S_rRNA,V4,23
Sub001.G01_RE,CACACAAAGTCA,2_E10,O,X,Chikpea_ND,KJW,Enzyme,24h,F,1,2,Stool,Illumina,16S_rRNA,V4,24
Sub001.H04,GACTCTGCTCAG,1_H04,O,X,24h_Control,Control,Control_24h,24h,F,1,1,Stool,Illumina,16S_rRNA,V4,24
Sub006.G07_2,CGAATACTGACA,3_G07,O,X,Chikpea_ND,KJW,Enzyme,24h,F,6,2,Stool,Illumina,16S_rRNA,V4,24
Sub006.H10,CGCACCCATACA,1_H10,O,X,24h_Control,Control,Control_24h,24h,F,6,1,Stool,Illumina,16S_rRNA,V4,24
Sub010.G07,CGGCCTAAGTTC,4_G07,O,X,Chikpea_ND,KJW,Enzyme,24h,F,10,3,Stool,Illumina,16S_rRNA,V4,24
Sub010.H04,ACTGCCCGATAC,4_H04,O,X,24h_Control,Control,Control_24h,24h,F,10,3,Stool,Illumina,16S_rRNA,V4,24
Sub011.G07,ATCAAGATACGC,5_G07,O,X,Chikpea_ND,KJW,Enzyme,24h,F,11,4,Stool,Illumina,16S_rRNA,V4,24
Sub011.H04,GGTGCAGACAGA,5_H04,O,X,24h_Control,Control,Control_24h,24h,F,11,4,Stool,Illumina,16S_rRNA,V4,24
